layoff_count,layoff_percent,count_missing,percent_missing,prior_events,days_since_event,return_5,return_20,return_60,volatility_20,relative_volume,market_return_20,market_volatility_20
1000.0,17.0,0,0,0,,0.11558079091319651,-0.08247896672538624,-0.4618748168366704,0.10677211002592099,1.5735308459473472,0.1278702362541313,0.05071347942738034
2800.0,44.0,0,0,0,,0.19178076465082117,0.04819272401665553,-0.6801470748074735,0.14857953069168858,0.4307926386754821,0.029559197311119334,0.047332586966981914
235.0,10.0,0,0,0,,0.20694862677378745,0.2349304528928724,-0.5595369327477683,0.11133453639908644,1.3584221990331262,0.1901549000032252,0.03960032569064555
200.0,20.0,0,0,0,,0.04313730806719662,0.16157210923194243,-0.3799533544327294,0.08789503530595909,1.334774542153036,0.10519518211004808,0.03871270102812099
130.0,13.0,0,0,0,,-0.001569073500454432,0.17476924015925488,-0.49723467108610264,0.05706907598649698,0.7136336100611759,0.16975476888773788,0.036380201171261624
900.0,25.0,0,0,0,,0.10023039803815581,0.06883041323287897,-0.30087845553350334,0.03798193784285701,0.8799259752501362,0.09203112265464553,0.025873106768559737
982.0,17.0,0,0,0,,0.10944627123292139,0.2685288971838229,-0.2898248118541322,0.0664885589231402,0.8023809845008598,0.13757529868007157,0.02586331475229839
3700.0,14.0,0,0,0,,-0.1131654781459015,0.08080807856260908,-0.3046738099998465,0.030860438842405614,1.1496910597198218,0.07211535285015302,0.01920514303554881
1300.0,20.0,0,0,0,,-0.21840348618705718,-0.11654138420126436,-0.4942610945271434,0.06492166017065625,1.8312798015420164,0.013824963955507474,0.01721219734389281
3000.0,13.0,0,0,1,12.0,0.06257900064574962,0.19262143650075214,-0.17436154410546856,0.040582913523537587,1.3519929940945268,0.047621930981544436,0.017090280996793137
600.0,23.0,0,0,2,8.0,0.027959621394120893,0.14893621878151242,0.02037208335299634,0.03879463373790955,0.6811452180361123,0.041909231517819556,0.015145054932872763
1400.0,18.0,0,0,0,,0.004678885975357261,0.5248548217072284,0.014169167485349687,0.03857679315895022,0.6941467300695625,0.08048368035431452,0.01236835800058019
350.0,10.0,0,0,0,,0.052503092455061795,0.19639139164975727,-0.09310891301697699,0.04405251574459022,0.8482921551743172,0.09081354027244704,0.012521275423767485
715.0,7.0,0,0,0,,0.030948087157152138,0.046481881327293584,0.17446714351791126,0.02160659144237555,0.7869261843554902,0.056007809086228155,0.016868401543095775
451.0,6.0,0,0,0,,-0.054179203331578774,-0.024393481377848136,0.2777213747947167,0.02799773026285452,2.4153848349076794,0.00625376782668452,0.01756961811509765
174.0,12.0,0,0,0,,-0.0171306043681142,0.2609890440987037,0.6392858432263802,0.06893451897012182,1.298282824801762,0.00625376782668452,0.01756961811509765
225.0,25.0,0,0,3,32.0,-0.08328169319652867,-0.18474667238031028,0.1648308623714405,0.03574662803156873,1.8490582024725952,-0.009692630855066775,0.018529011384354442
63.0,,0,1,1,95.0,-0.014304288169543877,-0.03234043527156749,0.23991273620079046,0.03209013034005762,0.7318487368186307,0.03949703525447679,0.01233996558354043
30.0,,0,1,0,,-0.0619302241308588,0.06439827553808053,0.26979430643216773,0.038264350786342875,0.6386500923568469,0.04699732217139441,0.0069580603768128945
1000.0,2.0,0,0,0,,0.3276778064579813,0.4065387931221427,0.5629913564638025,0.06057926692193019,7.051059747970212,0.0690514573522174,0.005337421508452037
350.0,10.0,0,0,1,91.0,0.015634771956129834,0.09360265009709479,-0.09324400282087386,0.0313362289071015,0.4074821484011177,0.07705286844771031,0.005930689851487993
315.0,15.0,0,0,0,,0.012357000139581187,-0.05145792758552892,0.08858273481508294,0.027172953032930335,2.1081395179917775,0.045930209926620114,0.006652322256423466
2000.0,25.0,0,0,0,,-0.0866241140328754,0.008092450268695872,-0.14249193770560864,0.04550214350519341,3.2227350196936833,0.06649702726741391,0.0054062118882719085
2800.0,20.0,0,0,0,,0.3301213365054405,0.08437595624097027,-0.2622723650027957,0.11251822561864626,5.230427224544166,-0.03129892978808302,0.012764020414475346
350.0,,0,1,0,,-0.02592996330312236,0.0068392473624760974,,0.019873927001055332,1.2729575680810639,0.050777499389460745,0.014301780669105313
23.0,38.0,0,0,0,,-0.045500024475156886,-0.23640000820159923,-0.48516719561503985,0.048453005639837184,0.0,-0.004353059349070709,0.010557160793020692
200.0,10.0,0,0,0,,0.09170307495422159,-0.20634923037728115,-0.28977272342428684,0.05055268972491487,0.6521888875443316,0.001462512317678355,0.010902753252041847
340.0,9.0,0,0,0,,-0.1349481282863504,-0.21935990066897904,-0.2144540173138717,0.07100927633601743,0.7016062280078033,-0.08732001372448006,0.012778288075653937
2500.0,12.0,0,0,0,,-0.3601953410521126,-0.6539949022818914,-0.7405023046735371,0.06696993363264174,1.4182988495793938,-0.09281225811989557,0.01959960075966162
30.0,6.0,0,0,0,,-0.31304352092682763,-0.3559783036505447,-0.5659340899265968,0.04892910743579972,1.057078230547971,-0.1039037913505162,0.01975651993905008
25.0,,0,1,0,,-0.1845007651926669,-0.5165068525421614,-0.5804776331313135,0.08445248259766608,0.5311575674488962,-0.1039037913505162,0.01975651993905008
150.0,1.0,0,0,1,6.0,0.07261054564275637,-0.4533719708988312,-0.5129955028709425,0.08859135221726257,0.3949612024908465,-0.08250912362042273,0.020653461838781736
130.0,28.0,0,0,1,10.0,-0.12749001372854074,-0.3615160307297214,-0.5654761758340818,0.04774627148515227,0.6319726150267693,-0.08546135043558023,0.021480154480712915
83.0,,0,1,0,,0.03809280301686213,-0.03014173866594949,-0.24777020059593613,0.04505479980657655,0.7147195027826299,-0.04769100911764079,0.02131559071253744
200.0,13.0,0,0,0,,-0.0069124904962182265,-0.2062614955738885,-0.44601544645900304,0.04393018690749094,0.5042787550510076,-0.052593420579390426,0.020987588338595743
52.0,,0,1,0,,0.09017558832698991,0.10115046218914636,0.1276386041729265,0.07516253210465805,0.9524819903834637,0.007912626041465032,0.020160891944257547
100.0,12.0,0,0,0,,0.06614788928125725,-0.003636331269235349,-0.37632776352813746,0.07204242877114098,0.6881724272446005,0.007912626041465032,0.020160891944257547
400.0,32.0,0,0,0,,-0.03168316831683171,-0.4307334109429569,-0.5070564516129032,0.09063197970587715,0.408195373118318,0.007912626041465032,0.020160891944257547
250.0,6.0,0,0,0,,0.07318823790812656,-0.15852283274930534,-0.16327697504358762,0.054841340614123615,0.4477733794573815,-0.0037398300739832635,0.020163727572434374
138.0,23.0,0,0,0,,-0.009157455895274391,0.09736307742102812,0.007448761889165434,0.06126901252514451,1.1609025254564214,0.044126816067727725,0.016457693000957955
750.0,15.0,0,0,0,,-0.0444444444444444,0.08403361344537807,-0.4669421487603306,0.05931353302306849,2.5295295986737583,0.044126816067727725,0.016457693000957955
330.0,15.0,0,0,1,738.0,-0.11187214537305756,0.06721539787645892,-0.21493437642786506,0.07123236625570153,2.5618807476338707,0.022126030819652698,0.01723938225318838
1100.0,18.0,0,0,0,,-0.25858844247066926,-0.16401942960693472,-0.7225986815434797,0.077727047243602,1.2877808106230115,-0.0655351936574946,0.019432027349945032
450.0,10.0,0,0,0,,-0.30049259078071,-0.19165080753323094,-0.36888885498046875,0.06634497086940788,1.0585450046585512,-0.0655351936574946,0.019432027349945032
52.0,0.0,0,0,0,,-0.0856287594626498,-0.32253775526540385,-0.6156556799092938,0.05941906209116954,1.3990263930810898,-0.03321035788940563,0.019446654937605837
300.0,3.0,0,0,2,37.0,0.0088834517938301,0.007596713276876388,-0.5199334577183998,0.03930622996900042,1.0175469290740495,-0.03604275944099,0.019010433405341056
50.0,,0,1,0,,0.17581295888306925,0.05565690278778335,-0.0555102289939412,0.0551149017881119,0.583454262678059,-0.014105238566559763,0.020325296857402066
300.0,12.0,0,0,0,,0.1444776164951609,0.052429311869666595,-0.30681614173486305,0.06509274409350327,0.44269003008176,-0.0371108990063822,0.01975085176393931
170.0,,0,1,0,,-0.020618590937398262,-0.20391062583553055,-0.39232408063624924,0.05599156481893868,0.8884759854467257,-0.0371108990063822,0.01975085176393931
210.0,5.0,0,0,0,,0.15772356244328334,0.1879867160271813,-0.2644628120885967,0.06308487032404295,0.8491527797531352,-0.0371108990063822,0.01975085176393931
200.0,4.0,0,0,0,,0.008935468603004537,-0.011258462576837935,-0.6004852285756463,0.07670372810493849,0.6744855359091,-0.07494511118664238,0.019164437332230028
50.0,,0,1,1,691.0,-0.056700736757361425,-0.08380010360253098,-0.48693263215460814,0.05729442960912176,0.6850233718795093,-0.06528681020952098,0.018545090296525592
,30.0,1,0,0,,-0.09999999999999998,0.05882352941176472,-0.49295774647887325,0.061874213976706546,1.3436378809437264,0.015172255584908534,0.014735169557003925
60.0,2.0,0,0,1,812.0,0.1750599152929868,0.0020449715620431963,-0.5566948167398028,0.04857054941882,1.0994068344352805,0.05252350200277944,0.013113083332504738
60.0,8.0,0,0,0,,-0.03554638812952304,-0.17012131720450585,-0.4115432641637129,0.0641368949941949,1.132954652271415,0.0059188926085393945,0.011722046665284683
1000.0,10.0,0,0,2,20.0,-0.08204829160492433,-0.15463144183110378,-0.28826024483493096,0.06486173356441789,2.207479735252646,0.0059188926085393945,0.011722046665284683
840.0,6.0,0,0,0,,-0.022296985934906588,0.1859947607627217,0.05853169853875273,0.038219412636803146,0.6633133882662118,0.05356604913091911,0.011978937590046167
,,1,1,0,,-0.6028295408673675,-0.5486274476315935,-0.6709548384247308,0.1407504718897419,2.9063837711599225,0.09208732665383046,0.012077130686090726
23.0,,0,1,1,53.0,0.005870841153168271,0.307888114710382,-0.058608005345824,0.04575073665564514,1.0381187936838014,0.09208732665383046,0.012077130686090726
713.0,23.0,0,0,1,98.0,0.09489907569390832,0.09880951921415426,-0.1300659904896826,0.033623180055569364,1.2268648254461494,0.06833176268731456,0.012314652009736804
,,1,1,0,,0.06153847443684657,0.16949147454440117,-0.4876237829102781,0.04975844611016573,0.7990073257451022,0.06833176268731456,0.012314652009736804
,10.0,1,0,0,,0.32242980606432114,0.6745561111758493,0.8929765315582872,0.059397756821895194,2.4704501786013644,0.08140910475812557,0.01261694569357657
,,1,1,0,,0.17741937654695672,0.1587301977757818,-0.10153843806340146,0.05757830154806615,1.3755833003431501,0.08140910475812557,0.01261694569357657
40.0,4.0,0,0,0,,-0.0012726823374268337,-0.011649848581179234,0.007542917251180281,0.05654039819507105,1.6513165742014877,0.06473156281289794,0.012383245303366873
115.0,37.0,0,0,2,75.0,-0.1825396990589846,-0.2196970223778405,-0.6254545558582653,0.044220685734607995,2.5238559431928955,0.06473156281289794,0.012383245303366873
50.0,,0,1,0,,-0.07302319213587238,-0.17369312973732243,-0.28633860264944533,0.05017546115471812,1.829429751284557,0.06473156281289794,0.012383245303366873
100.0,8.0,0,0,0,,0.0666666602929038,-0.19072064556370438,-0.1021097045734356,0.05671899640897196,0.5313431108796899,0.06473156281289794,0.012383245303366873
500.0,15.0,0,0,1,847.0,0.20818819151774792,0.42695468153509,0.08955226899579971,0.05569896806808636,2.2721385313714277,0.07485086097490279,0.01196879633297392
20.0,5.0,0,0,0,,0.10542962954100066,0.15410012247130656,0.1579237220659273,0.03781689015085835,1.184637652646815,0.07485086097490279,0.01196879633297392
40.0,,0,1,0,,0.11428574153355209,0.24600637468796127,0.0985915909161581,0.032120549149793794,2.032556528623027,0.08014044618639171,0.011747653196433347
,,1,1,0,,0.18370518547406078,0.4739902361007904,0.03941671374559985,0.03328040205410255,0.8324992363901225,0.08014044618639171,0.011747653196433347
,10.0,1,0,0,,-0.04799995422363279,0.18407966454387137,0.5555556594416486,0.07836291614630046,0.6639603374951673,0.08014044618639171,0.011747653196433347
270.0,4.0,0,0,0,,0.05975845908536992,0.1278755329816783,-0.19116935552533232,0.02915446499298751,0.7998483475211337,0.08014044618639171,0.011747653196433347
,,1,1,0,,-0.012309442617034483,0.17667602936890714,-0.0447845258227334,0.04943718620697636,1.632766694783906,0.08014044618639171,0.011747653196433347
100.0,,0,1,0,,0.11170378216191823,0.059140556288962864,0.08675723719460127,0.04102203056818454,1.9865043981202555,0.08014044618639171,0.011747653196433347
63.0,,0,1,0,,0.10166668891906738,0.14162351935472972,-0.23139536740523192,0.03947899276973275,1.9997756971757181,0.08014044618639171,0.011747653196433347
,2.0,1,0,0,,0.04486939973730375,0.16055506736886338,0.023218082588695177,0.020908513674689665,0.7851972324797035,0.10897613544496942,0.0119386281260306
784.0,13.0,0,0,1,185.0,0.14758267826530935,0.5955189225638906,-0.12990356482228504,0.07912501325307068,2.1092588903464424,0.10897613544496942,0.0119386281260306
16.0,37.0,0,0,0,,0.06351955801946252,-0.23400002717971802,-0.9030379792945237,0.03692040580643233,1.8800590964895854,0.122817117343893,0.01151476059789969
220.0,12.0,0,0,1,119.0,0.21160405168361351,0.21160405168361351,0.005665717022269368,0.08887128595612624,3.776955797023844,0.09541914453180289,0.010402142789370768
,15.0,1,0,0,,0.20538716808742463,0.7635467853012476,-0.18820860599192946,0.06767938142718206,1.7393350524055573,0.09541914453180289,0.010402142789370768
870.0,5.0,0,0,0,,-0.16919271291674676,0.10164247964315365,0.2526917254259431,0.0906669166785389,2.225040472993797,0.06846523008033478,0.010915818141509223
24.0,,0,1,0,,-0.028375384611968646,-0.0504824148843952,0.10718942341639459,0.03373391976541676,1.1073297189800895,-0.016213728897566226,0.012752151228536773
1280.0,20.0,0,0,0,,-0.05566038975048482,0.014184432112060108,-0.30917871725339685,0.04137548182281611,1.2400668037374207,-0.02413867395239666,0.012950453921403517
140.0,16.0,0,0,0,,-0.012944971833043106,-0.061538476210374116,-0.19098144091589164,0.04557546136657524,0.3557036218574435,-0.04649551194060453,0.012395003308569689
70.0,,0,1,3,37.0,-0.08940010719810265,-0.2376889295756861,-0.1787046441137251,0.040019953098909364,0.9722796362519486,-0.042856611853386406,0.012450584544480264
,,1,1,1,156.0,-0.07824220386746217,-0.15142850074587133,-0.18844666708611202,0.014497343976808711,2.7945205479452055,-0.051345963942511674,0.012591354277138004
,7.0,1,0,0,,-0.14935066543555964,-0.3450000286102295,-0.7101770025868416,0.05011164431068209,0.42408154931126013,-0.04669168695444226,0.01247599533745012
750.0,15.0,0,0,1,93.0,0.02548518380453113,-0.27254576642229933,-0.3280582761301578,0.05929072289900027,5.328372862088565,-0.04669168695444226,0.01247599533745012
60.0,,0,1,4,803.0,0.06675939016042887,-0.06463411528038665,0.4223458849903243,0.02433928588857293,1.4002225607635663,-0.04669168695444226,0.01247599533745012
,24.0,1,0,0,,0.27390176395738064,-0.06805297136063815,0.46726194868823234,0.055503381638346096,3.0154307619706384,-0.037766433311411496,0.01270419164618789
100.0,6.0,0,0,0,,-0.0240963624697752,-0.17627117712584706,-0.0507812027062744,0.0249967789380933,0.7944356771289964,-0.0833839240728762,0.015646131236328797
800.0,11.0,0,0,0,,0.1483063250151211,-0.10131397762906102,-0.07200661347399073,0.04159657679400646,3.1905782348944656,-0.08168495326471747,0.015690216887167607
193.0,11.0,0,0,0,,0.0033840430592175785,-0.1001517620505652,-0.1021953097337911,0.04965734634276619,0.7417281657975198,-0.0856205304758233,0.01576122665902344
30.0,,0,1,3,85.0,0.028085804147464533,-0.020557152425060177,0.3423333093079979,0.0346389860815432,2.3267617831511456,-0.09522581509402384,0.015681939493053524
271.0,,0,1,1,98.0,-0.1677631568628004,-0.2425149591601099,-0.37684728890471564,0.048976534846894806,0.9856248167389686,-0.06697047457199667,0.015391811552748222
,10.0,1,0,0,,-0.1610169950417828,-0.34868422745007255,-0.40000002311937743,0.048424397252320214,0.7214463101774852,-0.11930260110937585,0.01520277131115841
671.0,9.0,0,0,0,,0.013003716465421533,-0.05565986577632309,-0.15324553533833485,0.04045016615445954,0.7401794432824433,-0.06568887361579745,0.014744740641291998
500.0,12.0,0,0,2,55.0,0.2524822247963161,-0.029670378730255242,-0.011198250621757166,0.07886049813679971,1.3216511216973355,-0.06405648883734927,0.017820548788869496
,,1,1,0,,0.062298524761093876,-0.12293211891671307,-0.07015420974398501,0.03651702664007357,0.9103858855693745,-0.06405648883734927,0.017820548788869496
90.0,,0,1,1,778.0,-0.06445382557459589,-0.06034372332949389,-0.20284998237884333,0.022524027298541492,0.9283744232747151,-0.058050582970325504,0.016642584185729753
200.0,19.0,0,0,1,71.0,-0.05287439190460452,-0.27036632550236095,-0.6487233278444355,0.05519239582445738,0.9436068180210136,-0.07244005018569555,0.0172071066431766
,,1,1,1,99.0,0.047741644986645015,-0.1949459061107388,-0.5679375171661377,0.05102251292867327,1.2387007811142974,0.017230819923426566,0.01853586326231001
300.0,5.0,0,0,1,358.0,0.06789696412119084,0.030577951626793443,-0.15625855945691303,0.037499585125365734,1.110764115329151,0.03100954133727929,0.01844133961497526
140.0,7.0,0,0,0,,-0.06770397661324357,-0.015541757298191627,-0.3129842032289101,0.0537179041117746,1.006544334230527,0.0173294166639526,0.015948261368255633
550.0,18.0,0,0,0,,-0.14232213617325873,-0.2888198939422356,-0.5782688703042406,0.06053899976369321,1.3162089103270995,-0.005887180389385183,0.01697628936892507
,1.0,1,0,0,,-0.19156161989207288,-0.2042959680563271,-0.5467645288319766,0.05993106011441417,0.9799929837963621,-0.005868274396087281,0.016975697180950218
700.0,13.0,0,0,2,106.0,-0.062200946021447434,0.0014598874483302549,-0.2927834774839947,0.05027124304354938,0.9939077666158513,-0.005868274396087281,0.016975697180950218
,10.0,1,0,0,,-0.1280946808686464,-0.10298996445213204,-0.28602907088418505,0.025909051026801435,1.3122693045917615,0.037376866466702685,0.015941212375926016
110.0,5.0,0,0,0,,-0.40703702855993196,-0.3816144995629822,-0.4785016341690502,0.08747360037542239,1.589963951860607,0.037376866466702685,0.015941212375926016
,16.0,1,0,0,,0.02472846727159239,0.10904157864240704,-0.08202357874832922,0.013689272510476415,0.9251951288834473,0.06781449751530122,0.015720374783075565
1000.0,1.0,0,0,2,26.0,-0.07958942415467962,0.03177388262913161,-0.230084521944371,0.028441849015626467,1.242335046097212,0.06781449751530122,0.015720374783075565
,,1,1,0,,0.009577006234350982,0.07843138211397971,-0.05807897758162406,0.031086452921456783,0.5634377870776769,0.04927654831677186,0.01656222144239555
11000.0,13.0,0,0,0,,0.12071994832354815,-0.20415687949922245,-0.4346131149215483,0.06681522943641308,1.5484243833199969,0.04927654831677186,0.01656222144239555
,10.0,1,0,0,,-0.17392315625978372,-0.1825170693826057,-0.42070697161217097,0.04065319879296883,1.4895743150606644,0.04927654831677186,0.01656222144239555
60.0,,0,1,1,149.0,-0.08745521747021989,-0.2647993560729527,-0.4040262556890064,0.0678209806530826,1.867280345723713,0.07847641250384574,0.01966765329600992
,10.0,1,0,1,98.0,0.13364061760840218,0.09854116564941817,-0.22266697819782777,0.08039275229876486,3.233520366642395,0.07847641250384574,0.01966765329600992
45.0,10.0,0,0,0,,-0.1409091160317092,-0.43916912466561264,-0.4473684375636131,0.06683531167594457,1.4000555837107032,0.07847641250384574,0.01966765329600992
,,1,1,1,35.0,0.09369772875524274,-0.05093767703264285,-0.3128339781614182,0.04949361013225604,0.7899571922851112,0.07847641250384574,0.01966765329600992
51.0,,0,1,0,,0.20574168530590442,-0.38386308501738065,-0.6795931306543246,0.17888896557942294,0.8748364194281073,0.0771495846540442,0.018280756840763832
,,1,1,0,,0.06003417310266568,0.016924227733329245,-0.15586250505823473,0.033798117055585,0.9020426694559784,0.0771495846540442,0.018280756840763832
180.0,9.0,0,0,0,,0.27636155240495563,0.07045679146330808,0.09820544731557779,0.07047002108213328,1.292014992755256,0.07372082948729242,0.018221870750112237
10000.0,3.0,0,0,0,,0.1274669541993645,-0.15599197875942594,-0.2731626530789363,0.042491992095689136,0.8292291226865278,0.07313433786176216,0.018239191827847678
100.0,1.0,0,0,0,,0.1045065085981145,0.041292170890729674,-0.10561550887221449,0.03291995346916047,0.5612181975145637,0.07313433786176216,0.018239191827847678
500.0,5.0,0,0,0,,0.0738476177755305,0.13217405468712728,0.18964274098238199,0.03875983206301323,0.5681779516800107,0.07313433786176216,0.018239191827847678
,7.0,1,0,0,,0.18695646324871018,0.03934011544784588,-0.4975460341893597,0.10532194398979747,0.48278137385015946,0.07313433786176216,0.018239191827847678
200.0,,0,1,0,,0.055908060755082145,0.2049773194501443,0.05091828363549489,0.01799902715372583,0.6626976165857938,0.07313433786176216,0.018239191827847678
,,1,1,0,,0.03191491520313172,-0.08920186321999501,-0.4138972654727471,0.06419067689767305,1.523032223692955,0.07313433786176216,0.018239191827847678
241.0,6.0,0,0,1,142.0,0.2284360003641137,0.10391825305058,-0.2317724129564479,0.05494763133471541,1.0537462080018316,0.07313433786176216,0.018239191827847678
130.0,25.0,0,0,0,,0.24973551936347427,0.34971433367048,0.26040560980348704,0.06977797806639355,0.7320155248668653,0.07313433786176216,0.018239191827847678
4100.0,5.0,0,0,0,,0.02036804404817727,0.11699842597881505,-0.0010035085201741678,0.019378825129566152,1.8631599523954627,0.07889776943350801,0.01809188199506935
200.0,7.0,0,0,0,,0.016213322880425762,0.08731685979245185,-0.18258226197334548,0.05732450309400758,0.46187633598133154,0.07889776943350801,0.01809188199506935
1500.0,8.0,0,0,1,192.0,-0.32154880566938526,-0.434385950001029,-0.790594959971199,0.14977577602200023,0.9173701868448555,0.05808333662521181,0.01745059484551236
120.0,4.0,0,0,0,,0.07485386590021093,-0.01888684076536018,-0.05348344405086314,0.022790384703086686,0.5169658441288091,0.05808333662521181,0.01745059484551236
,50.0,1,0,1,179.0,0.04210522300318642,-0.29787238647589775,-0.7477707103559166,0.07062721104413168,0.39512451556903067,0.05881873270891891,0.017055045803746876
,,1,1,0,,0.05306006306352318,-0.21296688120803764,-0.23527015484249192,0.04947689674705503,0.5343948369469209,0.0177113374719442,0.016818789270993065
,18.0,1,0,0,,-0.04190472194126671,-0.10498215084786233,-0.25370914234113184,0.07499166752753031,0.9457762503186578,0.02335524998978422,0.01672170773554194
1250.0,6.0,0,0,0,,0.07970341383228297,0.29157432307729514,0.0003434734315799215,0.04862540168490485,1.2015640745828768,0.06023107903616576,0.01796082894787444
,13.0,1,0,0,,0.06863430702717754,-0.02811309535422457,-0.22583504658476972,0.06184471419216486,2.3244463027046582,0.06023107903616576,0.01796082894787444
,,1,1,0,,0.021973600558228945,0.08943783741103584,0.08990203119226203,0.03890262414739703,0.7973342177428726,0.08672329541011536,0.016733591798001136
100.0,,0,1,0,,0.013372896546642421,0.10552842508456428,-0.16452213610119681,0.03131667511091071,0.714641271172009,0.03653110381575431,0.01738520020513709
180.0,12.0,0,0,0,,-0.1008403352926398,-0.42780746004082315,-0.3333333085754334,0.05541681762799496,2.0414376321353065,0.03653110381575431,0.01738520020513709
100.0,6.0,0,0,2,114.0,-0.11538460127700667,-0.3850267522857106,-0.6278317125884783,0.06938363841199345,1.3137162082199192,0.059096931118401086,0.01661950888108188
,15.0,1,0,0,,-0.08695652173913049,-0.11111111111111116,-0.37777777777777777,0.052975210765218876,0.7384267007161128,-0.003572458452905991,0.011387809923933076
,17.0,1,0,0,,-0.03846156197421824,-0.12663751578907156,-0.2957746226628486,0.05423034585215279,0.7033213689233027,-0.003572458452905991,0.011387809923933076
600.0,15.0,0,0,1,193.0,-0.09272912850486392,-0.11419744305766388,-0.18696888977257597,0.02937207597433329,1.2931694397761568,-0.003572458452905991,0.011387809923933076
,60.0,1,0,0,,-0.2516129017372408,-0.5703703903203472,-0.601374593674534,0.07281473389209277,1.0573090243743057,-0.003572458452905991,0.011387809923933076
,25.0,1,0,0,,-0.114068472929308,0.08709167019659625,-0.3868421390189424,0.07136625286427568,1.2400799156445974,-0.003572458452905991,0.011387809923933076
60.0,5.0,0,0,0,,-0.0746463601354761,-0.06754381840835766,-0.3096281806718413,0.025190894857117414,0.8232092082655436,-0.003572458452905991,0.011387809923933076
90.0,2.0,0,0,0,,-0.016801075139601496,0.04799427467500772,0.042022803005052234,0.03918380821218077,0.9760870386460655,-0.014717456390215489,0.01269651278999627
,,1,1,0,,-0.060518688902089224,-0.08683469238900576,-0.08938545938295828,0.047843995842631236,1.8003009066320803,-0.03601989742873868,0.012960495707074292
46.0,13.0,0,0,0,,0.05491331072996619,-0.06410256253505209,-0.12679419969781291,0.037036423475207816,3.749305684132568,-0.029748606910482756,0.013065260312511977
900.0,20.0,0,0,0,,-0.11428567005221046,-0.17031630777227136,-0.40798611973446797,0.046344349749152546,0.8332139641483179,-0.029748606910482756,0.013065260312511977
,30.0,1,0,0,,0.003813565725980128,0.391891885834317,0.41432839009299216,0.06564776755836382,0.412115073424076,-0.05693416270681806,0.011624919440807836
201.0,,0,1,0,,0.017712725679076557,-0.1139792476980549,-0.030862425924455206,0.01577605939415212,0.862362353877575,-0.05693416270681806,0.011624919440807836
8000.0,2.0,0,0,1,49.0,0.025288998686998188,-0.06449843543345257,-0.2568086487073984,0.021316293562700574,0.9294575968054285,-0.035205507230685607,0.011295180401257248
8000.0,10.0,0,0,3,57.0,0.06834551895465713,0.042260737688958105,-0.07119566679427625,0.017188896768764013,1.3706709565728346,-0.035205507230685607,0.011295180401257248
245.0,4.0,0,0,0,,0.062370863832985846,-0.007577222106854409,0.09163429046406746,0.024966654304071485,1.2602864980188966,-0.035205507230685607,0.011295180401257248
153.0,,0,1,0,,0.018911217341653908,-0.09545814200889347,-0.07169683404741833,0.023492548041310016,0.9972293364224715,-0.035205507230685607,0.011295180401257248
,,1,1,2,107.0,0.1715687007823401,-0.134057930013608,-0.1371840717108005,0.05588671174543316,1.3425450090188205,-0.03226730273643197,0.011136594290299217
2000.0,6.0,0,0,0,,0.024258376522070302,0.027713572182575197,0.1344909051890586,0.011317625321820898,1.5256858238857232,-0.03226730273643197,0.011136594290299217
75.0,11.0,0,0,1,149.0,0.13095240207080727,0.01063828775385156,-0.04522614720969398,0.039831004488804195,1.3572357631623593,-0.03226730273643197,0.011136594290299217
,20.0,1,0,2,210.0,0.23239440344269724,-0.04632154571114233,-0.10941477339770433,0.0640900770091019,1.8872830355606192,-0.03226730273643197,0.011136594290299217
200.0,50.0,0,0,1,56.0,0.10000002384185791,-0.1472867780075302,-0.6935933007963911,0.1883040008873758,0.5610986034842279,-0.03226730273643197,0.011136594290299217
388.0,,0,1,1,193.0,-0.01730103867126387,-0.09841273070643186,-0.07792212617680727,0.052611165242880474,0.7931781911726175,-0.008388231459399709,0.012411620949791648
150.0,,0,1,2,6.0,0.0471918325117644,0.008755263674420588,-0.20136849087821906,0.023077376675502092,0.9142543329241516,-0.0023047442342777336,0.012272411381394161
340.0,28.0,0,0,3,33.0,0.11111116305415769,0.37096776984608737,-0.20930233847585555,0.07469447379224217,0.39374076809453473,-0.0023047442342777336,0.012272411381394161
950.0,20.0,0,0,2,61.0,0.2866071876619969,0.074304118763731,-0.3758302308855638,0.07263503162676113,1.8812755230362501,-0.0023047442342777336,0.012272411381394161
55.0,6.0,0,0,0,,0.13125584226821396,0.0016721993332413643,-0.194892510073986,0.0380756590446387,1.361352473168291,-0.007928679942277306,0.01206902817886956
315.0,57.0,0,0,0,,-0.4672727151350542,-0.6420281103792035,-0.7220113778594281,0.1553819363593082,0.40956958199699656,-0.007928679942277306,0.01206902817886956
,,1,1,2,57.0,0.5918367319355526,0.3346007440835026,-0.6178551893321897,0.1383981790408366,3.2491213766615457,0.0023283370497235722,0.012015826887898078
10000.0,5.0,0,0,1,64.0,0.05825122546550876,-0.034777724879685,0.019229348564137716,0.018452364311388542,0.97579891894827,0.02557945117312399,0.010548711393227888
30.0,,0,1,2,68.0,0.0431550478299112,-0.0915879192214526,0.14888256696790858,0.03146474837394065,0.7040318806889369,0.02557945117312399,0.010548711393227888
284.0,3.0,0,0,1,202.0,0.10776604773213427,0.09799936654551855,0.09837183076356704,0.045595583281056805,0.9784036937316369,0.02557945117312399,0.010548711393227888
,25.0,1,0,1,168.0,0.10775862379037249,0.03629028769239073,-0.3967136631076259,0.047644388626865715,1.0115901310298685,0.02144702223290018,0.010842884960002352
200.0,9.0,0,0,0,,-0.009049764968910634,-0.10245901399067547,0.35185188319402894,0.03928111650158784,0.6736394544023498,0.02144702223290018,0.010842884960002352
100.0,7.0,0,0,0,,0.05962263863041706,0.08542709751756417,-0.06834769434832477,0.029397404604895233,1.215888583043185,0.02144702223290018,0.010842884960002352
140.0,20.0,0,0,0,,-0.12702698755182928,0.5629032486517975,-0.25461538621424695,0.10663969578418311,0.3778271732900386,0.02144702223290018,0.010842884960002352
300.0,6.0,0,0,0,,0.10431502654266889,-0.024426344790178356,0.10200671096467895,0.041484285686488084,1.3787530398495906,0.02144702223290018,0.010842884960002352
,,1,1,2,133.0,-0.16328155716212056,0.27642769327350725,-0.32896837429618764,0.08023992189659544,1.2221436151397242,0.022683113164163826,0.01079018196168779
,20.0,1,0,0,,-0.08548009629207176,-0.14830971888759747,-0.33475297316503394,0.043963023128718845,0.7738730480458281,0.022683113164163826,0.01079018196168779
,,1,1,0,,-0.019607875728968716,-0.3543758772658061,-0.5596868999585404,0.03903254270980219,0.9339711989120668,0.022683113164163826,0.01079018196168779
,6.0,1,0,0,,-0.11163664953361097,-0.13055553912135343,0.349137972967992,0.035343951450630254,0.7292293532514426,0.022683113164163826,0.01079018196168779
,30.0,1,0,0,,-0.15325665633184504,0.1275510179256707,-0.05150209849286713,0.0568400190455435,1.0748350143195118,0.022683113164163826,0.01079018196168779
,15.0,1,0,0,,0.03562947601146682,0.2111111802819352,-0.3607038088310939,0.06557533339150302,0.7829819647547032,0.022683113164163826,0.01079018196168779
1100.0,,0,1,0,,0.03128102282040146,0.17864025964290353,0.0742075543397116,0.023145336025555623,1.2784658533381752,0.04031097305407472,0.011474819321743903
12000.0,6.0,0,0,0,,0.08018706538867137,0.10766475149201882,-0.03583570764336974,0.020530809235818945,2.2931728056575245,0.04031097305407472,0.011474819321743903
62.0,9.0,0,0,0,,0.09389670065244604,0.05748859756856328,-0.2830769465519831,0.04358203939094828,0.9314219490073566,0.04031097305407472,0.011474819321743903
1750.0,10.0,0,0,1,154.0,0.11061001018912586,0.3601743848856378,0.4594509953610857,0.06337865190025829,4.5465683746756484,0.04031097305407472,0.011474819321743903
30.0,,0,1,1,128.0,0.014414377756662988,0.04259255491657021,0.3017340570056599,0.038458499972092774,0.9466965412061532,0.04031097305407472,0.011474819321743903
600.0,6.0,0,0,2,74.0,0.08559640551583825,0.28971486897063414,0.029778457483480736,0.020297905010041275,2.593450580800681,0.03728377428069862,0.011317839407387219
200.0,,0,1,0,,0.08369753541064862,0.6721991976275274,0.4360802041347238,0.049803837128202445,1.124960164300131,0.03728377428069862,0.011317839407387219
,8.0,1,0,0,,0.006015031771336776,0.0502355066578295,0.2767176239385367,0.021804936200064323,0.8845857949514451,0.03728377428069862,0.011317839407387219
,7.0,1,0,0,,-0.0432900030777672,-0.011185654007238588,0.08289100472101896,0.036135688242577305,1.6160304992410963,0.05116629531301076,0.01069375026525417
130.0,7.0,0,0,0,,-0.011562526226043701,0.13369174169303522,-0.338837812293452,0.03973434719972997,0.5127836993476064,0.04554589734308356,0.010676644758451984
3900.0,2.0,0,0,0,,0.002493037162844214,-0.006282884891772533,0.05689895111127119,0.010686262137568873,1.889342028120918,0.04554589734308356,0.010676644758451984
,20.0,1,0,0,,-0.13333338042836052,-0.16428573070740238,-0.3518005589561942,0.07233829929476603,1.079242122893332,0.04554589734308356,0.010676644758451984
3000.0,3.0,0,0,0,,-0.013573159695994819,0.10412225201273184,0.1677411747698554,0.014325079845021032,1.9324764990723657,0.061221777955361434,0.010740260112028752
,,1,1,1,72.0,0.019942657408917874,0.11195925689107389,0.14414878720000002,0.01187830040605177,0.856934972088628,0.07704551489479683,0.010111109615285224
,,1,1,0,,0.06341748336002406,0.21543632513698885,-0.012002112475858473,0.033765096959582075,1.0018240098333018,0.07704551489479683,0.010111109615285224
100.0,,0,1,0,,0.043367720938050525,0.13307536005825749,0.22122715406333926,0.013769088077649854,0.8135942327497425,0.07704551489479683,0.010111109615285224
800.0,50.0,0,0,2,101.0,-0.09680408234445392,1.5965378702662645,-0.5063291139240507,0.2502617593951801,0.35900342953458103,0.044726617960054726,0.010154877050029591
500.0,,0,1,2,175.0,0.01581509856664609,0.10303833449414102,0.08300912323686216,0.049650430647312005,0.8132556413949631,0.044726617960054726,0.010154877050029591
343.0,,0,1,1,31.0,-0.07664344353912633,0.06638693823855002,0.000971617450493012,0.024821694959673245,1.3462478812985215,0.044726617960054726,0.010154877050029591
,,1,1,0,,0.13798977147720914,0.4553376048522282,0.1657940324786853,0.03864543939261066,3.7814621769831342,0.044726617960054726,0.010154877050029591
500.0,7.0,0,0,0,,0.000259415238116123,0.20018678070535056,0.3165263959465503,0.029599131497801762,1.5890091018375407,0.06288727112398429,0.010452627027059314
960.0,8.0,0,0,0,,-0.009422641628251127,0.11170601915775502,-0.03050571518111489,0.011810347697909243,2.432818140794224,0.06288727112398429,0.010452627027059314
2000.0,7.0,0,0,1,251.0,0.02400095931713997,0.1442010252606316,0.025676536309648723,0.020688245473474406,1.2319209455459037,0.06288727112398429,0.010452627027059314
365.0,20.0,0,0,1,91.0,0.03835467164181794,0.4130105845583396,-0.08565834429070718,0.05864463559972703,1.740399459477795,0.06288727112398429,0.010452627027059314
525.0,3.0,0,0,0,,0.05158519654236704,0.08426457114942654,0.2642324550234656,0.02267618188980539,1.0110832448622673,0.06288727112398429,0.010452627027059314
140.0,4.0,0,0,0,,0.13264600180077313,0.4914026477623392,0.0516910952136993,0.035421137699125645,1.7451506464599815,0.07872463554786413,0.010432597711657766
1300.0,7.0,0,0,0,,0.08570833179414028,0.2798937474575345,0.3528480027750902,0.026930537170980748,1.7107248548674818,0.07872463554786413,0.010432597711657766
,8.0,1,0,0,,0.01721399643744248,0.25206987224922184,0.2014488386959894,0.02500559758718489,3.3123246357325264,0.07872463554786413,0.010432597711657766
150.0,,0,1,1,62.0,0.022205203103778937,0.16644829510192172,0.17208077076977424,0.0229640056220156,1.538845722020784,0.07872463554786413,0.010432597711657766
,6.0,1,0,1,189.0,0.05457455972547254,0.13667813789096517,-0.38864770290514505,0.05149500999643199,1.1580318742443332,0.07872463554786413,0.010432597711657766
121.0,,0,1,0,,-0.2826923082801247,-0.1772059218616424,-0.48669728267354273,0.12150348146316506,7.662287304382307,0.08604322362487293,0.0106753490528708
,10.0,1,0,0,,0.02363437582534811,0.08999993046125043,,0.03886311220818216,2.046286821510233,0.08604322362487293,0.0106753490528708
300.0,5.0,0,0,1,160.0,0.16116586831810698,0.15802217568632204,0.8051975969949472,0.03432984071929253,1.9623911459598238,0.08604322362487293,0.0106753490528708
,12.0,1,0,0,,0.16216211281816673,0.3650793350442705,0.031999969482421786,0.06049115437568325,1.821398072465536,0.08604322362487293,0.0106753490528708
250.0,2.0,0,0,0,,0.06060317945458493,0.2284285970496489,0.14768061400964738,0.02177133995406421,0.9896578894173849,0.08690485698317363,0.010616293112399297
6650.0,5.0,0,0,0,,0.023743994550412095,-0.026590531590349964,0.02157399484485656,0.017485847474625876,1.3674778697727974,0.056044972110909974,0.00988444064363385
500.0,4.0,0,0,0,,0.013535506267280173,0.15280335461970007,0.2428751842291652,0.019724347288768262,0.8181571173379427,0.0704634174469152,0.01010987329553988
,7.0,1,0,0,,-0.08820623510362968,0.0,-0.2645883844394875,0.031955201423889905,0.7801406776747072,0.0704634174469152,0.01010987329553988
1300.0,15.0,0,0,0,,0.1288000488281249,0.2080479658976524,0.1784522268615023,0.03485775967880338,3.825432412610501,0.0704634174469152,0.01010987329553988
500.0,19.0,0,0,1,97.0,-0.09593673371700606,0.5924453071120306,0.06871252183939669,0.09139386804304005,1.420546737627001,0.051385094865578296,0.01056413317294692
530.0,8.0,0,0,1,959.0,-0.01024094547133847,0.12472618423002912,0.14478817001599142,0.01582663081579286,0.6155012578833098,0.051385094865578296,0.01056413317294692
126.0,12.0,0,0,0,,-0.10502279804217196,-0.03921564960882995,0.18787881099816528,0.03943582009382556,1.4059998290646991,0.029252798089861587,0.01056831588288071
130.0,7.0,0,0,0,,-0.27770188619423475,-0.02635213895646915,-0.07952564952360275,0.06205608741229411,4.277173416217204,0.029252798089861587,0.01056831588288071
,28.0,1,0,0,,0.13333343929715102,0.40330197084025476,-0.0083333250549108,0.1066390528585265,2.8541200818557915,0.02791219517306387,0.010558387293334973
1500.0,17.0,0,0,1,152.0,-0.003574930409980137,0.13513511986672722,0.13808460429136438,0.03161562498429895,2.423836687022479,0.035959787291304224,0.010797887121191549
251.0,,0,1,0,,0.01869828002664109,0.1563674258636023,0.09072469326336119,0.028695442244806278,0.5224212210241241,0.035959787291304224,0.010797887121191549
500.0,14.0,0,0,0,,-0.025674387512984786,-0.013004130296746408,0.042782592773437544,0.01992868320340909,1.3255527328520764,0.05744723383834027,0.009942455063569913
100.0,4.0,0,0,1,235.0,0.04339622845213431,0.32932702227104715,0.32773115497173433,0.02157859613434703,0.9578411393734354,0.05744723383834027,0.009942455063569913
200.0,11.0,0,0,0,,0.0981697450195349,0.1844938721120717,0.15627186199724918,0.05189164647006901,2.91246473722704,0.05744723383834027,0.009942455063569913
370.0,6.0,0,0,1,190.0,0.029405095317387886,0.09781682092318333,0.05043271829467133,0.033580446471192446,1.172987706915537,0.05744723383834027,0.009942455063569913
680.0,10.0,0,0,1,141.0,0.04385282879674102,0.2344878580076315,0.4489130766495415,0.03411699670616994,2.446782447548906,0.05053504635542638,0.01038617934004287
,14.0,1,0,0,,0.09722223816585096,0.2107279611354953,-0.0336390975911568,0.05617311067942762,0.5831582677364651,0.05053504635542638,0.01038617934004287
230.0,7.0,0,0,1,1038.0,-0.03592811037210075,0.17518248810321757,0.03205132907664465,0.08180931387796066,1.103151810272072,0.05053504635542638,0.01038617934004287
100.0,,0,1,0,,-0.06265876029079775,-0.08643196933934338,-0.16345410080915368,0.02886523856031019,0.8450950914425,0.028746199713102882,0.009714115389646977
,,1,1,0,,-0.007608965041429161,0.1589200130607098,0.3062404099888645,0.029633935599599856,0.5889102358842992,-0.0038440955470256943,0.010497598513055472
,,1,1,0,,-0.06750112526744034,-0.04311920456909768,-0.04922515485036416,0.0353377875353068,0.8846702649047707,0.0007743278316552082,0.010570363250963916
8500.0,8.0,0,0,0,,-0.03786575399968206,-0.02613230458160487,-0.11550635105052853,0.01522044363573062,0.7292804832057097,0.0007743278316552082,0.010570363250963916
40.0,,0,1,0,,-0.08479530859171303,0.04857628959495752,0.006430938913094986,0.045585872974189805,0.40045557445970836,0.0007743278316552082,0.010570363250963916
186.0,,0,1,1,247.0,0.048048094894915794,0.19384260752077043,0.08835765540104434,0.033373828586566366,2.5179080603658113,0.0007743278316552082,0.010570363250963916
75.0,2.0,0,0,0,,-0.12717392397287464,0.0635760967033312,0.13418076546642888,0.06869359758764162,0.5369449976197519,-0.019596472191765968,0.010526148922824512
155.0,10.0,0,0,0,,-0.025889943666086213,-0.14122684959073628,0.04332755646904807,0.03830214772805723,0.8564508315840466,-0.02888185474330207,0.009561783681016135
30.0,,0,1,0,,0.02402675197073023,0.060833672950403095,0.2763171315645725,0.042136887457753174,0.6595669530499005,-0.030207733585131624,0.00953104574676915
177.0,3.0,0,0,0,,-0.08893648062945314,-0.15642028500199823,-0.012832213262766623,0.039038664044614625,4.61761744647708,-0.030207733585131624,0.00953104574676915
475.0,8.0,0,0,0,,-0.03587438048476721,-0.17231936146307625,-0.2974807969348354,0.017575077072450505,1.0705450116400002,-0.019110099477453346,0.009292884324603068
500.0,5.0,0,0,0,,0.07004008699604847,0.040460665807740215,0.40965104983241396,0.03395576805889648,0.6352097083604465,-0.019110099477453346,0.009292884324603068
,,1,1,0,,0.0669100319257594,0.10723758958539897,0.17479143394354435,0.02610291343951503,1.1737525491107152,-0.028206707413279686,0.009779535223959322
800.0,15.0,0,0,0,,-0.010856803614110011,-0.022646222397410765,0.04576237459796806,0.014600148524544073,0.79230034072966,-0.03918667478897597,0.009206765923059801
10000.0,,0,1,1,125.0,0.05154203386380485,0.08131302603255897,0.5956904955145912,0.024523222125577733,1.4774866767513146,-0.05111066194233427,0.010364497459673275
108.0,,0,1,0,,-0.10102527496773628,-0.2157504222671801,0.03423482447837367,0.025802725209720156,0.9819014796623811,-0.04316648180907812,0.011279448850517024
114.0,2.0,0,0,1,91.0,-0.04172364305418186,-0.15398546614116293,-0.045640331223816055,0.029144800408320327,1.2691332314461818,-0.04316648180907812,0.011279448850517024
9000.0,,0,1,3,69.0,0.05712429689347531,0.005246935722662771,0.14696556267477123,0.018860755240379813,1.0512301328071305,-0.029507592178278363,0.011474023441206958
320.0,4.0,0,0,0,,0.06526788024294983,-0.03450699733327922,0.059879507538711074,0.03592840601049835,0.5900667250344456,0.003363956615862751,0.011029820519636815
,,1,1,0,,0.02082186508755668,-0.13272213340631256,0.10790353155287269,0.024454722904385533,0.833701791282349,-0.012378878755885503,0.011686622685300123
300.0,,0,1,0,,0.006921149357623113,-0.027285829389635752,-0.1265617819746132,0.01388073931905645,0.5242528172464478,-0.014948799666391843,0.011631893678334846
46.0,33.0,0,0,0,,0.20654049878152092,0.07186548467435161,0.8302873024860773,0.06922429572006378,2.570028011204482,0.020625571633429596,0.011843929845486564
,30.0,1,0,1,232.0,0.03571435323808303,0.023332892689923668,0.2703379700354269,0.025317969631644375,1.4010481468913774,0.020625571633429596,0.011843929845486564
200.0,6.0,0,0,1,133.0,-0.02500002867058826,-0.037638605237508505,0.5192306914580598,0.03691173139329344,2.193578763231899,0.018679038930776715,0.01179449219714623
,35.0,1,0,0,,-0.21436587044625688,-0.3913043455726032,-0.40170938995306105,0.07254573302811446,0.7580155816915125,0.016730963550850353,0.011671397299062818
,,1,1,0,,0.05579404235951313,-0.06285712832496282,0.2248962651660924,0.02351004470728579,0.6524354177327919,0.016730963550850353,0.011671397299062818
4800.0,10.0,0,0,0,,-0.013407444941973212,0.0626982531861513,0.1132840986472261,0.028341409295979392,1.847671987552284,0.016730963550850353,0.011671397299062818
15.0,,0,1,3,67.0,0.04146525283622582,0.07984481512837327,0.6429360888833355,0.016057387216991757,1.022473079123966,0.016730963550850353,0.011671397299062818
3000.0,8.0,0,0,0,,0.07268030461641195,0.03568692207831847,0.27403911549303217,0.021963190002464154,0.8578079423327892,0.016730963550850353,0.011671397299062818
150.0,13.0,0,0,1,67.0,0.03333335797608128,-0.18769042975900918,0.17289926899792274,0.04624404720065323,0.8761739130434782,0.016730963550850353,0.011671397299062818
170.0,23.0,0,0,0,,-0.006097555213709138,-0.20487803261170812,-0.31512608535545006,0.0269021179055408,0.7419190142314149,0.03002913210461089,0.011160695855558971
,,1,1,0,,0.018597969126078695,0.07123687464685435,0.26016167073402197,0.011721292237527787,0.7890652129923242,0.025658290219957358,0.011199243024852472
99.0,13.0,0,0,0,,0.013570809832891939,-0.09743202297231479,-0.014839266568636655,0.03451254049429756,0.8504909603961149,0.025658290219957358,0.011199243024852472
500.0,,0,1,0,,-0.026362397935297155,0.3026081380128911,0.5635005268109026,0.08157926427990282,0.4818749848046486,0.067271512512868,0.009363652831796836
59.0,,0,1,0,,0.01644441971599364,0.049483456430998274,0.024144245154042787,0.01236689748315775,0.9438529869257076,0.06619423892841492,0.00904252640992262
560.0,22.0,0,0,1,167.0,-0.07142856675002796,0.16551724251328692,0.05625002002343504,0.06895482941269983,0.7551925609715097,0.05198854738660885,0.007661658558885719
180.0,15.0,0,0,1,135.0,-0.23076924957937472,-0.21956297577886863,-0.16666664459087177,0.08314646856292449,4.86472775996449,0.050419431015533034,0.006029571349675154
623.0,9.0,0,0,1,155.0,-0.08988535154216137,-0.04627848575797522,-0.08404449686625504,0.014696831021833761,4.03687726784296,0.050419431015533034,0.006029571349675154
1072.0,26.0,0,0,3,169.0,0.02654862360509913,0.06205489943150133,-0.34174023919427143,0.036553457176142314,2.479085348138462,0.04840124841906723,0.00604118549339682
300.0,4.0,0,0,0,,0.007564296695040884,0.04881887360820625,-0.027737248552976768,0.029139581750305416,0.9003970400073867,0.024187427116884264,0.007195609526364518
500.0,16.0,0,0,1,834.0,-0.0735294285220669,-0.04770903284090344,-0.1321566833973632,0.017964793840030233,2.787124205876061,0.027556879932280287,0.007856970257235333
600.0,8.0,0,0,2,106.0,-0.048362545570996285,-0.22917948234013918,-0.3233143903436202,0.027878733603083877,1.2007920260428901,-0.0015906782123100704,0.007882446665787725
137.0,15.0,0,0,0,,-0.1440588698829257,-0.25932661393544687,-0.4045354573597355,0.035798405412631094,3.824246055522269,-0.0015906782123100704,0.007882446665787725
2300.0,20.0,0,0,4,245.0,0.20403444112921765,0.2679796631636562,0.11587148860263508,0.056338794575319255,5.476520391774316,-0.006060053933353959,0.008021010828008218
1100.0,15.0,0,0,0,,-0.08249998092651356,-0.11138015142869861,-0.500680255249961,0.028620751955184775,0.8769743931211824,0.008406755970549185,0.009023977444247207
270.0,25.0,0,0,0,,0.03285262949720891,-0.06661839596956942,-0.5080152683981607,0.04482522729343367,2.419569338728389,0.008406755970549185,0.009023977444247207
80.0,6.0,0,0,0,,-0.03910073231542932,-0.17116371464717106,-0.43693231287757994,0.020651973054875403,1.1548223350253808,0.0029532029127814496,0.00908692305374428
290.0,3.0,0,0,0,,0.09023708786221274,0.053707817121966483,-0.02762305639941154,0.02444410235448377,2.9928652948054584,0.011763441386001494,0.00908149305958201
,15.0,1,0,0,,0.041871940564009114,-0.009367672606955812,-0.28305085581357836,0.025734648568156798,1.590463199515674,0.011763441386001494,0.00908149305958201
158.0,,0,1,2,113.0,0.025985367612963106,0.10166130902702442,0.15395946650261672,0.02060432674728424,1.0652585052806052,0.011763441386001494,0.00908149305958201
,8.0,1,0,1,112.0,0.0,-0.08400645817764552,-0.37555064714365094,0.026489817921900808,1.043059504597966,-0.002109195331239655,0.008574858083720476
45.0,3.0,0,0,1,354.0,-0.09395967452880682,0.13967771955460573,-0.10971222363456468,0.07420086160902281,0.5724156636182421,-0.009560470154561185,0.008694967074577172
62.0,,0,1,0,,0.022028224938678953,0.14806774720843974,0.08241167453357656,0.0235249258130725,0.7133010183661671,0.019725256422211013,0.008899198656613089
270.0,20.0,0,0,0,,-0.03009401554710378,-0.06525673835762413,-0.09637853337152491,0.026261916742294365,0.8359840776305032,0.01706267545562712,0.008018261089814262
,5.0,1,0,0,,0.04225353058593884,0.3350514627716774,0.3273542452956699,0.02608238814346706,2.658819089136345,0.03382219451644297,0.008021777988225284
30.0,,0,1,1,149.0,0.11923599247547934,0.0923523005211968,-0.03941471078127501,0.02339486785453342,0.8231296784175971,0.05625368740150383,0.00822492605968479
60.0,7.0,0,0,1,109.0,0.06314416836461834,0.2179177595413475,0.06174151303509334,0.03239098682648042,0.788189559132734,0.05625368740150383,0.00822492605968479
200.0,2.0,0,0,4,66.0,0.0401170838749183,0.10292766375936946,0.2615185665529389,0.01859418466971312,1.3102831127067371,0.035067860545501484,0.00739377639163911
53.0,10.0,0,0,0,,0.047872358301528806,0.15882351373718717,0.010256400224333495,0.04401163616662867,0.8995771218657895,0.037045114143543945,0.007385930354684398
196.0,,0,1,1,84.0,0.045527604606119265,0.28802380743669653,0.06521144038591209,0.046364473013031,0.6832954461267318,0.03943311357508139,0.0073813251590174244
,,1,1,2,84.0,0.014211903975096973,0.1501831683534942,0.08801105178312651,0.02684923536125428,0.8272717997466723,0.03943311357508139,0.0073813251590174244
50.0,,0,1,3,36.0,0.2045151981549631,0.2623520900565881,0.3216756929303586,0.06267708135998235,0.9850865794057745,0.03943311357508139,0.0073813251590174244
80.0,4.0,0,0,0,,0.05362462544369051,0.0983436671088187,-0.3482801468564658,0.030536112931499094,0.9805662995839661,0.057262386382561425,0.007490414569501151
130.0,7.0,0,0,1,1085.0,-0.01257860465808125,0.03357473620608009,-0.18610683959960117,0.029002316812497642,1.1141054734579094,0.0656428053326108,0.007164812292000108
1000.0,11.0,0,0,0,,-0.01744184354113687,0.22686024465985666,0.22909095070578833,0.031203691124594448,0.7439164933254768,0.04821526166259038,0.0073184767493651845
200.0,,0,1,5,286.0,0.03018594553504017,0.08909884711798965,0.38731706820852385,0.021688939002727253,1.0227925014350316,0.04242131753841494,0.0074993004865604425
150.0,7.0,0,0,2,328.0,-0.03988032195209057,0.11976740549808751,0.05824172645645431,0.020136730565407008,0.7177738073902175,0.044356943920883074,0.006860947708033985
,,1,1,1,223.0,-0.0925147043485387,-0.06360711706703737,-0.18569651678933607,0.024005013568257648,1.7617827638046366,0.042308016866110076,0.0067096984775787466
200.0,10.0,0,0,0,,-0.018480426666457772,0.14081149034143015,-0.22528360604502762,0.02242819009667977,0.5363910837027044,0.042308016866110076,0.0067096984775787466
300.0,20.0,0,0,1,34.0,0.06071431571934638,0.1027227638048489,0.1307106241132674,0.022129870388339138,0.38287288653664175,0.040938817872407496,0.006014162906180141
700.0,3.0,0,0,1,182.0,0.004910326986266922,0.041014410627607134,0.0245215931192575,0.008052021738999377,0.813424784217016,0.030986809712612473,0.006393102252680116
350.0,,0,1,0,,-0.12068964631322143,0.06139433309319875,-0.32450331962347545,0.046654711871100416,0.6920243286983702,0.030986809712612473,0.006393102252680116
,59.0,1,0,3,340.0,-0.050359664721725594,0.0909090998654607,1.021439599135486,0.07261512966194925,0.4277251148332876,0.028344000705909478,0.006276372333533048
1000.0,,0,1,3,61.0,-0.025577088052445074,0.02019909162641209,0.17307612089702973,0.014607441161734996,1.3058972542880405,0.028344000705909478,0.006276372333533048
50.0,13.0,0,0,0,,-0.00824181564388704,0.21959454343648166,0.20333329836527514,0.10289353496904444,1.1174242424242424,0.03198882704058392,0.006314370770208425
100.0,,0,1,0,,0.13478258195431225,-0.020025012765390593,-0.09584294899890622,0.03522305078330688,1.2593987275568845,0.03198882704058392,0.006314370770208425
,34.0,1,0,2,105.0,0.019707369791995832,0.09630824860633425,-0.0274811364505686,0.022283912044342605,1.3663085548193714,0.03198882704058392,0.006314370770208425
80.0,,0,1,4,116.0,0.037756156130169805,0.06533772050682529,0.3165199282314888,0.015752234345618413,0.9920983870214461,0.031495091659824226,0.006397119335528237
400.0,,0,1,3,190.0,0.007556667801907446,-0.046483948434297595,-0.10112355697818531,0.04393356180199579,0.4977203831500542,0.031495091659824226,0.006397119335528237
80.0,6.0,0,0,1,68.0,0.0344467987245074,0.02907586205649282,-0.02747786679946751,0.018608670793159893,0.9631830700101464,0.031495091659824226,0.006397119335528237
,,1,1,1,117.0,0.05956433976937947,0.13098684393919502,0.27074379770984613,0.01971540533974389,0.884642135594343,0.022400903004243355,0.005893571717587006
11.0,,0,1,3,284.0,0.05244333282220626,-0.014508941282081023,-0.07247904421001505,0.04899198107498473,0.7740353683104311,0.022400903004243355,0.005893571717587006
62.0,,0,1,0,,-0.1279069949729621,-0.13769505101965063,-0.4750874726249197,0.06988042060088659,0.11678722167771458,0.022400903004243355,0.005893571717587006
,,1,1,1,175.0,0.019873397717743213,-0.0035306072920974207,0.0922400685707423,0.01070728568045626,1.3781911241495537,0.041218805007019244,0.005730282178579758
84.0,,0,1,2,47.0,0.04836532266693361,0.0383907459281283,0.06389280351160886,0.018782211092280062,1.223957075158504,0.041218805007019244,0.005730282178579758
,,1,1,0,,-0.0865384280328908,-0.28971962616822433,-0.3677204498372375,0.03659939934004059,12.370975819762121,0.03589842379136288,0.0058407390641835675
,8.0,1,0,1,167.0,-0.020979034037302835,0.02189782444609789,0.2727272727272727,0.03344850668847322,0.6240299080394546,0.044340489235350056,0.004865126064464573
117.0,10.0,0,0,0,,0.12537316067177962,0.1635802376017741,-0.015665781716643568,0.032916369572900554,1.0531713474282107,0.028594547162902773,0.005128680804997628
,,1,1,1,1191.0,-0.003957020503727593,0.07701712603143718,0.12086517429580823,0.022775644858639397,1.8892992548045495,0.015796490918791317,0.006150345645698875
50.0,,0,1,4,211.0,-0.0425939650762347,0.025792241001279193,0.08923680527612166,0.01663462527917033,1.0579592964202373,0.020879671953088375,0.0058777250342434036
,25.0,1,0,1,269.0,-0.027057348357386823,0.0701619945022196,-0.0756524990162627,0.014989255229997334,0.6789427345158321,0.018834861582825768,0.00595811262574958
,,1,1,1,182.0,0.03117923685591495,0.001450690729029258,0.1989873225354155,0.014760007036366861,0.7581590769081684,0.02513287559715205,0.0062008633502390244
100.0,10.0,0,0,0,,-0.057487782333094706,-0.04624782150057849,-0.01175405021282061,0.02355018201412503,2.2666719832382998,0.014215835269048682,0.006199260294073445
470.0,18.0,0,0,0,,-0.12433974212007681,-0.064425063306217,-0.1016030685703232,0.021987166874165763,1.6618146939050247,0.014215835269048682,0.006199260294073445
150.0,19.0,0,0,4,213.0,0.1363635912086043,0.24999995032946476,0.4851485288747328,0.06264847643275034,1.632964158346899,-0.008079640769774965,0.0058700502184601214
149.0,9.0,0,0,1,87.0,-0.031779144339789234,-0.0924606968199645,0.16836958603939256,0.017807951773176352,1.8251754163496492,-0.034676648207025096,0.006320256541999062
151.0,,0,1,2,53.0,-0.07347075069078346,-0.12215863028775786,-0.18177810273343964,0.014259481762034586,0.7275887598915547,-0.034676648207025096,0.006320256541999062
140.0,,0,1,2,201.0,-0.061335741878109085,-0.03386776167898531,0.11378582150385008,0.024451491691660047,0.6586796892065474,-0.034676648207025096,0.006320256541999062
,,1,1,1,37.0,-0.02293232665720213,-0.0007689480204426946,-0.1749206170197185,0.12631113318638096,0.035843573375840175,-0.0273979459592556,0.006991847849596797
95.0,5.0,0,0,0,,0.03314263860111,-0.058262931899045634,0.04656270930711415,0.0279361382359591,0.5915976443170724,-0.034475832599252576,0.007450194869826473
,,1,1,0,,0.028866366869901405,-0.2342448042136509,-0.13932387242286026,0.05895599715787662,0.5084407445526132,-0.03709620418643489,0.007249737130763671
,,1,1,0,,0.665741377059293,0.27659579864612494,1.0000000000000009,0.13253577043891837,7.203626653418618,-0.032831481607498825,0.007436595117052564
700.0,7.0,0,0,0,,0.008933632337841724,-0.12352246747250806,0.01397445924160956,0.043850659809800394,0.3495982105873581,-0.032831481607498825,0.007436595117052564
240.0,4.0,0,0,1,239.0,0.03350686762542421,0.02223130963449038,0.05657912462440029,0.015700463333076817,2.3455451023796345,0.0033641159363115847,0.00768458630541258
,,1,1,2,49.0,0.024593175190451344,0.06182763336990926,0.004400016790601313,0.01699768609639401,0.6951125376688283,0.009802812288738583,0.007610532047147002
360.0,10.0,0,0,2,160.0,0.07401872201129289,-0.004044354869636835,0.24050083876118755,0.02911273945962883,4.651821390309237,-0.005637895010366489,0.0075158108578003485
30.0,15.0,0,0,1,394.0,-0.11956523077136383,-0.0635838225967339,-0.029940091976750627,0.052697823293083104,0.9787449808828165,-0.0020190401448528794,0.007395558465660143
,20.0,1,0,0,,-0.18965517241379315,-0.44705882352941173,-0.5451612903225806,0.05850998878643591,1.572139303482587,-0.0008748099528076425,0.007403544066132162
75.0,,0,1,1,236.0,0.015734773995038198,0.05550041561875174,0.10833499914950262,0.01271584180918063,0.8211055719326925,0.00817348489492753,0.007055902211180928
350.0,,0,1,1,307.0,-0.013859086557903133,0.0007213394683545093,0.11373966985802975,0.007110064995310134,0.752189183898834,0.004649742247512467,0.007592050895751053
30.0,,0,1,0,,-0.08792794717324748,-0.04201364902142979,-0.3947871915198786,0.02023473150166625,1.210185786619294,-0.0228388042558596,0.008014341446251386
,,1,1,3,90.0,-0.09090911528519141,-0.06460945840770593,-0.047151324314459786,0.018216563921676223,0.7282984198232345,-0.01133402849948606,0.007443493311947048
170.0,,0,1,1,393.0,-0.05980066199573941,-0.14155718135538808,-0.29367725059989447,0.026524942633925096,0.7348891095238523,-0.04810569666118758,0.006783709191752152
,,1,1,2,203.0,0.006623360120898036,0.0026323115316677637,0.02325762654228747,0.017250067479657273,0.8416052754292539,-0.05823803300951613,0.007234827703349659
,,1,1,2,431.0,-0.04545457699921296,-0.17968752329653792,-0.15322585609917616,0.035315329880786006,1.197896659214711,-0.044959932511921874,0.007524501301489688
185.0,,0,1,0,,-0.1768924488676693,-0.2958418629868401,-0.5026480647069616,0.043503365504605346,1.0057345404882954,-0.03246715895359409,0.008130315206177388
,100.0,1,0,3,87.0,-0.0066822997836776254,-0.023264097697436315,-0.20692139567207046,0.030763844929708614,0.6894155406857618,-0.03246715895359409,0.008130315206177388
,25.0,1,0,3,253.0,0.05454540134461583,-0.2516129017372408,-0.4170854467023656,0.05563462601766514,1.1120289714805986,-0.02223643901405714,0.008205127859689767
1258.0,2.0,0,0,3,86.0,-0.020021462276705204,-0.03959687017287783,-0.09352699735092673,0.011747769703481178,0.9693905412307386,-0.026772214850324993,0.007696979042241636
558.0,,0,1,4,93.0,-0.03194892632424373,-0.06191951904108195,-0.2836879532559805,0.04826090665253234,0.6381312342425189,-0.026772214850324993,0.007696979042241636
100.0,,0,1,3,43.0,0.0005913601061413587,-0.028973057699815175,-0.13078822197370432,0.016566397437295703,0.8221982247116343,-0.015111459288607465,0.008131466713295033
40.0,,0,1,2,35.0,-0.01707832938503384,0.03484657914584233,0.1342944170791016,0.014806506510265046,0.9632583727764489,-0.019218646725284838,0.008405682825851064
100.0,,0,1,0,,0.01669941760291671,0.020710062232420112,-0.29591833226104425,0.023937831518908544,0.8778926322953888,-0.011497674358556975,0.0078067575399440765
211.0,,0,1,2,140.0,-0.06214447627466957,-0.05050961268492182,0.028310917436093375,0.016474848142154174,1.1955560757525432,-0.021444309741338485,0.008232938483390774
