feature,population_stability_index,training_missing_fraction,current_missing_fraction
layoff_count,0.027363021817537712,0.2541436464088398,0.3177570093457944
layoff_percent,0.1080765166735225,0.3259668508287293,0.4392523364485981
count_missing,0.0,0.0,0.0
percent_missing,0.0,0.0,0.0
prior_events,0.7165653019867959,0.0,0.0
days_since_event,0.5158612513444245,0.6104972375690608,0.205607476635514
return_5,0.06463825849441268,0.0,0.0
return_20,0.02526280863314138,0.0,0.0
return_60,0.10657307878989533,0.0055248618784530384,0.009345794392523364
volatility_20,0.18867427716802626,0.0,0.0
relative_volume,0.018060968481277223,0.0,0.0
market_return_20,0.27692401224335805,0.0,0.0
market_volatility_20,0.4545514275561574,0.0,0.0
